{"name":"build-javascript","namedChunkGroups":{"polyfill":{"name":"polyfill","assets":[{"name":"webpack-runtime-a399783c470a1d8a5713.js","size":5106},{"name":"polyfill-6930501040792c3c89b0.js","size":85878}],"filteredAssets":0,"assetsSize":90984,"filteredAuxiliaryAssets":2,"auxiliaryAssetsSize":228353},"app":{"name":"app","assets":[{"name":"webpack-runtime-a399783c470a1d8a5713.js","size":5106},{"name":"framework-896733c4221372c05596.js","size":149125},{"name":"styles.7badccfddaa749002cf3.css","size":64799},{"name":"app-fe9c17a1979d3ca01cf7.js","size":103087}],"filteredAssets":0,"assetsSize":322117,"filteredAuxiliaryAssets":16,"auxiliaryAssetsSize":1018863},"component---src-pages-404-js":{"name":"component---src-pages-404-js","assets":[{"name":"framework-896733c4221372c05596.js","size":149125},{"name":"styles.7badccfddaa749002cf3.css","size":64799},{"name":"d0447323-f06925877fffe45f5dda.js","size":2930},{"name":"commons-ae6e5a932ffee4edf33e.js","size":52173},{"name":"component---src-pages-404-js-3dd4fb352fa9f8e2ef91.js","size":1464}],"filteredAssets":0,"assetsSize":270491,"filteredAuxiliaryAssets":17,"auxiliaryAssetsSize":4470783},"component---src-pages-index-js":{"name":"component---src-pages-index-js","assets":[{"name":"framework-896733c4221372c05596.js","size":149125},{"name":"styles.7badccfddaa749002cf3.css","size":64799},{"name":"d0447323-f06925877fffe45f5dda.js","size":2930},{"name":"commons-ae6e5a932ffee4edf33e.js","size":52173},{"name":"component---src-pages-index-js-1a5b6e789876ac99e8bd.js","size":90688}],"filteredAssets":0,"assetsSize":359715,"filteredAuxiliaryAssets":17,"auxiliaryAssetsSize":4847879}},"assetsByChunkName":{"polyfill":["webpack-runtime-a399783c470a1d8a5713.js","polyfill-6930501040792c3c89b0.js"],"app":["webpack-runtime-a399783c470a1d8a5713.js","framework-896733c4221372c05596.js","styles.7badccfddaa749002cf3.css","app-fe9c17a1979d3ca01cf7.js"],"component---src-pages-404-js":["framework-896733c4221372c05596.js","styles.7badccfddaa749002cf3.css","d0447323-f06925877fffe45f5dda.js","commons-ae6e5a932ffee4edf33e.js","component---src-pages-404-js-3dd4fb352fa9f8e2ef91.js"],"component---src-pages-index-js":["framework-896733c4221372c05596.js","styles.7badccfddaa749002cf3.css","d0447323-f06925877fffe45f5dda.js","commons-ae6e5a932ffee4edf33e.js","component---src-pages-index-js-1a5b6e789876ac99e8bd.js"]},"childAssetsByChunkName":{}}